skinny slut no1 #anal #bj #ass #slut #ukbabe #slag #chav #tits #bigtits #selfie #legs #highheels #asswednesday http://t.co/jsdty32psp,Bully,sadness,discouraged trapped challenged crappy unwell 
"i'm taking calls on #niteflirt 1-800-to-flirt, ext:10489663. give me a call! #kinky #strapon #bbw #ass #redhead #slut #whore #chubby",No,disgust,contempt boredom terrible 
"if you were concert tickets, where would you hide ? #fuck",No,fear,afraid suspicious trust concerned 
"fuck you, #japere #whore ! @soniamotaung",Bully,joy,welcome fabulous fantastic alive special jolly 
tatooed woman dips her finger inside her pink hole  #fuck #pornography http://t.co/4z3mwvgdfk,No,fear,trust insecure awe spooky suspicious 
@joelrrenner @adamdince put me in #spoofjail - i missed the whole thing. #loser,No,sadness,ashamed nostalgic embarrassed devastated grief sadness 
tattooed babe woman 6fingers her pussy on a large sexy lingerie #fuck #pornography http://t.co/mwxxcp3niw http://t.co/2gtgpus17n,No,fear,trust awe concerned submission 
#thongthursday #nothongthursday #goddess #titsandass #thirstythursday drink up and #fuck somebody @charlechase http://t.co/y3yfjlklje,No,fear,awe afraid trust concerned 
cute gape http://t.co/nom1q91xoh #ass #butt #asshole #assholefetish #assholefever,No,disgust,lousy disgust remorse 
camgirl magical turnaround [x-post from /r/masterofanal] http://t.co/saxlpd5ytf #ass #butt #asshole #assholefetish #assholefever,No,fear,trust awe spooky suspicious 
pouty pussy and asshole cross post from r/camtails http://t.co/cai6iisok3 #ass #butt #asshole #assholefetish #assholefever,No,sadness,incomplete unloved grief discouraged 
didn't even know it was possible to be this ill and still be able to breath #bitch #moan #complain #overdramaticsiobhan,No,anger,aggravated grumpy fedup ill 
group of asian sluts toy fuck the moaning lass http://t.co/eestysvpdl  #asian #fuck,No,fear,trust awe concerned 
natalia starr and doc fuck http://t.co/sd6ceavn0t  #fuck,No,sadness,discouraged trapped crappy incomplete 
skinny slut no2 #anal #bj #ass #slut #ukbabe #slag #chav #tits #bigtits #selfie #legs #highheels #asswednesday http://t.co/7yioacuqpj,No,sadness,discouraged trapped challenged crappy unwell 
@fullerforyotes @nhlonnbcsports let me reiterate how stupid you sound. figure out spell check or learn some grammar. #idiot,Bully,trust,creative professional stuck appreciated 
two words: #sexy #ass! http://t.co/hsscjtlzkl,No,trust,kind qualified amused appreciated empowered creative 
http://t.co/0izgo4u3rt: fiery homemade webcam fuck 730 http://t.co/rhe7jhnflt #adult #free #fuck #homemade #porn #video #webcam #xxx,No,sadness,discouraged trapped incomplete crappy unwanted 
skinny slut no3 #anal #bj #ass #slut #ukbabe #slag #chav #tits #bigtits #selfie #legs #highheels #asswednesday http://t.co/ibivuucgbo,No,sadness,discouraged trapped challenged crappy unwell 
chick is sat down with her girlfriend #lingerie #whore http://t.co/sikhmiquqq,No,fear,trust suspicious afraid insecure 
"#stupid school
#assnine daily geography",No,sadness,blue sadness betrayed broke 
what you need to know about the #biggest #loser #diet? https://t.co/2p000wwx5p @heartdietreview @weightlossways @weightlosstipps,No,trust,acceptance creative trust kind empowered confident stuck 
#assworship #blackass #blackboobs #bizarre #bizzare #bikini #bitch - view a cam girl +&gt; http://t.co/epkil9hxq4 http://t.co/an7ah62f5j,No,trust,qualified secure kind empowered amused 
#assworship #blackass #blackboobs #bizarre #bizzare #bikini #bitch - view a cam girl +&gt; http://t.co/epkil9hxq4 http://t.co/vvl4bhojxf,No,trust,qualified secure kind empowered amused 
#assworship #blackass #blackboobs #bizarre #bizzare #bikini #bitch - view a cam girl +&gt; http://t.co/epkil9hxq4 http://t.co/cfteyuehvo,No,trust,qualified secure kind empowered amused 
hot #brunette pov #fuck with bf http://t.co/yswmlsqims http://t.co/4b78sqxeoi,No,trust,qualified renewed pretty kind 
@fullerforyotes @nhlonnbcsports sure it was. #idiot.,No,sadness,embarrassed ashamed devastated unhappy useless 
group slags no1#anal #bj #ass #slut #ukbabe #slag #chav #tits #bigtits #selfie #legs #highheels #asswednesday http://t.co/dakf5prxk3,No,sadness,discouraged trapped incomplete challenged 
hot sexy babes ;) #sexy #hot #girl #boobs #babe #ass #pussylegion http://t.co/fqcpy1dno7 http://t.co/dq7lzabjnm,No,trust,pretty renewed kind empowered qualified 
bitchel #ass #pussy #sex #sexo #sexe #booty #tits #boobs #horny #pawg #whooty http://t.co/guboaretgd,No,sadness,discouraged trapped challenged crappy unwell 
"#anal #porn #nsfw #ass #hardcore #adult #porno 

 full video ==&gt; http://t.co/sdtkujdzz4 &lt;== http://t.co/fkxkpc9gum",No,joy,festive ecstacy jolly 
asiansquirtxxx #ass #pussy #sex #sexo #sexe #booty #tits #boobs #horny #pawg #whooty http://t.co/aemxl2itpz,No,sadness,discouraged trapped challenged crappy unwell 
99 #tweetme click: http://t.co/dpx2hzsjow and #tweetit if my #nudepics make you #horny and you want to #fuck me,No,trust,kind pretty empowered acceptance renewed stuck complete 
fuckablemilf #ass #pussy #sex #sexo #sexe #booty #tits #boobs #horny #pawg #whooty http://t.co/yoce65kfmc,No,sadness,discouraged trapped challenged crappy unwell 
doubled4u #ass #pussy #sex #sexo #sexe #booty #tits #boobs #horny #pawg #whooty http://t.co/mjbqhynh3y,No,sadness,discouraged trapped challenged crappy unwell 
alessya_wild #ass #pussy #sex #sexo #sexe #booty #tits #boobs #horny #pawg #whooty http://t.co/mcvsfqva85,No,sadness,discouraged trapped challenged crappy unwell 
aslysexilove #ass #pussy #sex #sexo #sexe #booty #tits #boobs #horny #pawg #whooty http://t.co/nhlz8cb7ji,No,sadness,discouraged trapped challenged crappy unwell 
"guy getting spoken to by the police, police leave and when they're out of earshot.
""aye, suck my fuckin dick ya prick""
balls of steel #idiot",Bully,anger,grumpy rage pissedoff furious irritated mad 
#thongthursday #nothongthursday #goddess #titsandass #thirstythursday drink up and #fuck somebody @karmenkarma http://t.co/yb8j4i5vvd,No,fear,awe afraid trust concerned 
793 join: http://t.co/vbf7s6upvz #babe #babes #butt #bang #balls #bitch #bitches #boobs #boobies #big,No,disgust,lousy contempt remorse 
two slaves fucking lola mello: http://t.co/edswuixydq #ass licking #face sitting #lesbians #porn,No,fear,trust concerned submission insecure 
#ass #pussy #boobs video:  http://t.co/m7quftfwri #sex #nsfw #hardcore,No,fear,trust awe concerned afraid 
http://t.co/bvmui3bapt: hot whore fingers herself and fucks... http://t.co/0lu8s7j4bv #boyfriends #cock #fingers #fucks #herself #whore,No,joy,ecstacy festive glad 
#thongthursday #nothongthursday #goddess #titsandass #thirstythursday drink up and #fuck somebody @rachelstarrxxx http://t.co/t7gohigxak,No,fear,awe afraid trust concerned 
http://t.co/jepguzvmuh: hardcore scorching nasty... http://t.co/4fh5ll1pzu #ebony #free #latex #nasty #porn #video #videos #vidz #whore #xxx,No,sadness,discouraged crappy incomplete unwell 
big titty milf fuck and swallow http://t.co/oten6ytsur  #fuck #milf,No,sadness,discouraged trapped crappy incomplete pained 
group slags no2 #anal #bj #ass #slut #ukbabe #slag #chav #tits #bigtits #selfie #legs #highheels #asswednesday http://t.co/vkj30n2tnk,No,sadness,discouraged trapped incomplete challenged 
"this is how you you ""pound that ass"" plus ... http://t.co/z1gfrxgxyo  #pound #ass",No,sadness,discouraged unappreciated unwanted incomplete 
hotgold two guys fucking a blonde her asshole http://t.co/1cg4vl6yay  #asshole #blonde,No,sadness,challenged incomplete unappreciated trapped unwanted 
kinky tramp takes a big fuck stick in her butt http://t.co/fiitqxgiym  #butt #fuck,No,anger,bullying aggravated annoyance offended 
#thongthursday #nothongthursday #goddess #titsandass #thirstythursday drink up and #fuck somebody @nikkibenz http://t.co/0ccdzi67c6,No,fear,awe afraid trust concerned 
alisya has her asshole gaped by friends with huge strapon dildos http://t.co/ynco07c04x  #alisya #asshole,No,trust,qualified amused renewed kind admiration acceptance 
skinny slut no3 #anal #bj #ass #slut #ukbabe #slag #chav #tits #bigtits #selfie #legs #highheels #asswednesday http://t.co/5kwdv7atpn,No,sadness,discouraged trapped challenged crappy unwell 
bitchel #slut #whore #cam #sex #sexy #sexo #sexe #horny #pussy #booty #ass http://t.co/xbunhqssq1,No,trust,qualified renewed empowered pretty 
asiansquirtxxx #slut #whore #cam #sex #sexy #sexo #sexe #horny #pussy #booty #ass http://t.co/jmuij4v4ng,No,trust,qualified renewed empowered pretty 
fuckablemilf #slut #whore #cam #sex #sexy #sexo #sexe #horny #pussy #booty #ass http://t.co/rwra6ol0z1,No,trust,qualified renewed empowered pretty 
doubled4u #slut #whore #cam #sex #sexy #sexo #sexe #horny #pussy #booty #ass http://t.co/6xunfnpmoy,No,trust,qualified renewed empowered pretty 
alessya_wild #slut #whore #cam #sex #sexy #sexo #sexe #horny #pussy #booty #ass http://t.co/yaxxrebao6,No,trust,qualified renewed empowered pretty 
aslysexilove #slut #whore #cam #sex #sexy #sexo #sexe #horny #pussy #booty #ass http://t.co/1gzjmoxokd,No,trust,qualified renewed empowered pretty 
"#cybersex,#fuck,#porn,#sex,#hot,#love,#erotic: big tits whore gets straight to business with a handjob http://t.co/zmadr6qnvt",No,disgust,cheated regret boredom disgusted defeated 
#thongthursday #nothongthursday #goddess #titsandass #thirstythursday drink up and #fuck somebody @missdanidaniels http://t.co/mcaah7op4o,No,fear,awe afraid trust concerned 
hot ebony http://t.co/gwxcbhby5d eats #ass while #smoking #fetish #xxx,No,sadness,trapped discouraged incomplete unwanted 
#thongthursday #nothongthursday #goddess #titsandass #thirstythursday drink up and #fuck somebody @siripornstar http://t.co/t9pphduhsr,No,fear,awe afraid trust concerned 
nice eyes slag 1#anal #bj #ass #slut #ukbabe #slag #chav #tits #bigtits #selfie #legs #highheels #asswednesday http://t.co/onqgx8b1y4,No,trust,kind renewed pretty empowered 
#thongthursday #nothongthursday #goddess #titsandass #thirstythursday drink up and #fuck somebody @christymack http://t.co/2skmehs1im,No,fear,awe afraid trust concerned 
fuckablemilf #sex #sexy #horny #pussy #ass #booty watch live sluts http://t.co/allersupic,No,sadness,trapped unwanted discouraged neglected 
doubled4u #sex #sexy #horny #pussy #ass #booty watch live sluts http://t.co/i2f9wqw90u,No,sadness,trapped unwanted discouraged neglected 
alessya_wild #sex #sexy #horny #pussy #ass #booty watch live sluts http://t.co/jde0k3yyap,No,sadness,trapped unwanted discouraged neglected 
aslysexilove #sex #sexy #horny #pussy #ass #booty watch live sluts http://t.co/jdmtymjhqg,No,sadness,trapped unwanted discouraged neglected 
#thongthursday #nothongthursday #goddess #titsandass #thirstythursday drink up and #fuck somebody @diamondkittyxxx http://t.co/a5vxq84up0,No,fear,awe afraid trust concerned 
emilykowsky #sex #sexy #horny #pussy #ass #booty watch live sluts http://t.co/3sekuhqapb,No,sadness,trapped unwanted discouraged neglected 
asiansquirtxxx #sex #sexy #horny #pussy #ass #booty watch live sluts http://t.co/12dywu3ubo,No,sadness,trapped unwanted discouraged neglected 
http://t.co/pvjg6o3xbt: bbw kitchen whore http://t.co/2djtlnxo9f #kitchen #whore,No,trust,qualified renewed empowered kind 
#assworship #blackass #blackboobs #bizarre #bizzare #bikini #bitch - speak with a girl --&gt; http://t.co/a8gmnskwr7 http://t.co/doudj3zoe5,No,sadness,discouraged trapped incomplete grief 
#thongthursday #nothongthursday #goddess #titsandass #thirstythursday drink up and #fuck somebody @missyxmartinez http://t.co/esgrzhnxcy,No,fear,awe afraid trust concerned 
nice eyes slag 2 #anal #bj #ass #slut #ukbabe #slag #chav #tits #bigtits #selfie #legs #highheels #asswednesday http://t.co/vjpkey2mj3,No,sadness,discouraged unwell crappy trapped 
#thongthursday #nothongthursday #goddess #titsandass #thirstythursday drink up and #fuck somebody @romi_rain http://t.co/frtpk4fbrq,No,joy,cozy glad jolly content 
saucy babe hottie loves some lesbian fun in the bathroom #lingerie #fuck #sex http://t.co/vfchm9jxd9 http://t.co/m0kopkjx8l,No,trust,renewed kind empowered qualified pretty 
nice eyes slag 3 #anal #bj #ass #slut #ukbabe #slag #chav #tits #bigtits #selfie #legs #highheels #asswednesday http://t.co/2ipkkn0nrn,No,trust,kind renewed pretty empowered 
picture gallery: http://t.co/f35gtgd5nb #ass #claireforlani #gypsyeyes #nice #nude #celebrity http://t.co/hnpvzv6syd,No,sadness,discouraged unwell trapped unwanted crappy 
holiday bums #anal #bj #ass #slut #ukbabe #slag #chav #tits #bigtits #selfie #legs #highheels #asswednesday http://t.co/e8rjbesrzm,No,sadness,discouraged trapped unwell crappy unappreciated 
hot little model busts out her girlfriend get freaky #camgirl #ass #nipples http://t.co/d1dtnmideq http://t.co/t1wj3ql6qk,No,trust,kind renewed pretty empowered admiration qualified 
beauty and hot pussy #webcamgirl #oral #whore http://t.co/4mj3jugf2p http://t.co/qj822uqjkf,No,trust,renewed empowered pretty qualified kind 
@x96 @tylerrjoseph @joshuadun @twentyonepilots this is the company you're working with. very unprofessional and insulting to fans. #bullshit,No,joy,ecstatic privileged joyful calm blissful satisfied 
"http://t.co/94245wsgjr mature brunette sells her body to big dick porn guy05:5762%87,545   #xxx #porno #sexy #ass #vagina",No,trust,amused pretty stuck kind 
porn theater blow bang boobie bitch http://t.co/znzj1iclhb #bang #bitch,No,anger,enraged bullying aggravated 
http://t.co/9dwgkec0b6 #porn #nude #porno #ass-fucking #anal #butts #lingerie #masturbation #gangbang #hot #creampie #,No,fear,trust awe afraid concerned 
#ass - booty and billiards http://t.co/kjnu11v6oe,No,disgust,lousy disgust remorse 
#ass - great gap http://t.co/974uf8ugcu,No,fear,awe trust concerned afraid 
picture gallery: http://t.co/tyjn0zyd3q #caelan #privatepics #ass #bdsm #fetish http://t.co/cgpvbnswqe,No,sadness,discouraged unwell trapped unwanted crappy 
brunette babe slowly strips and plays by the swimming #stockings #fuck #tits http://t.co/9f4aqa3mdi http://t.co/wh4b1md2zr,No,trust,qualified kind pretty renewed empowered 
http://t.co/nxuzm34u59: real dutch #whore bangs alternative whore http://t.co/m5fmit753h,No,trust,renewed empowered pretty kind 
ocutie threads at the beach #camgirl #whore http://t.co/llkxpahza2 http://t.co/afdoyzvw1a,No,trust,qualified renewed empowered kind pretty 
1234 visit: http://t.co/utohtu4ubv  #sexy #ass #sex #xxx #naked #nude #horny #teen #porn #tits #boobs #fuck #pussy,No,fear,awe trust submission 
http://t.co/bzpoxbmyph: sizzling german anal #whore gets the job! http://t.co/dsovwysl9e #free #german #porn #video #videos #vidz #xxx,No,sadness,discouraged trapped crappy challenged unappreciated 
model opens her legs wide and fucks a sex toy #webcam #whore http://t.co/ywnbcqzfsp http://t.co/meo5innrbt,No,trust,qualified renewed kind pretty 
probably the worst thing ever is running out of data for the bus rides #shit #thisisdata,No,sadness,miserable embarrassed devastated ashamed helpless broke useless 
come and fuck me hard over bed !! http://t.co/9uqawblq0i  #com #fuck,No,sadness,discouraged trapped crappy incomplete unwanted unwell 
http://t.co/f7pgqrcmxu: stunning busty #whore that is happy to suck dick http://t.co/pda1qwf2ot #stunning,No,fear,awe trust concerned insecure 
"#anal #porn #nsfw #ass #hardcore #adult #porno 

 full video ==&gt; http://t.co/0i3k3nmkpg &lt;== http://t.co/q3piouaqbv",No,joy,festive ecstacy jolly 
"#thongthursday
#thong
#ass 
#bum 
#booty
@candycharms69 
cum see her acting out her fantasies http://t.co/kraionp6k4 http://t.co/qduaarbt2h",No,sadness,trapped discouraged unwanted unloved incomplete 
http://t.co/8qdvphhsjc: steamy wild... http://t.co/dxil0f6gkx #anal #ass #asshole #free #heather #horner #mike #porn #video #videos #xxx,No,sadness,discouraged incomplete crappy unwell 
http://t.co/cztzsa9p96: blonde #whore with big tits gangbanged sizzling insane http://t.co/mthg2lbnh5 #adult #blonde #free #porn #video #xxx,No,trust,qualified renewed amused kind pretty empowered 
#assworship #blackass #blackboobs #bizarre #bizzare #bikini #bitch - feeling bored? &gt;&gt; http://t.co/4slqbqtodm http://t.co/k0khfq3iqt,No,sadness,discouraged incomplete trapped neglected challenged 
@82_ladyt see i'm not the only one #whatsmyfavoriteword #bitch https://t.co/zbictiimqm,Bully,trust,acceptance pretty confident renewed amused 
#assworship #blackass #blackboobs #bizarre #bizzare #bikini #bitch - feeling bored? &gt;&gt; http://t.co/4slqbqtodm http://t.co/kkdpmlek1o,No,sadness,discouraged incomplete trapped neglected challenged 
http://t.co/5lvonptrhy &lt;-- click -&gt; sexy cam girl - #porns #fuck #gadis #phonesex #bokep #fucking #nude http://t.co/nqnsjsktl4,No,sadness,discouraged trapped challenged unwanted 
http://t.co/5lvonptrhy &lt;-- click -&gt; sexy cam girl - #porns #fuck #gadis #phonesex #bokep #fucking #nude http://t.co/9wkrpnh04a,No,sadness,discouraged trapped challenged unwanted 
"#cybersex,#fuck,#porn,#sex,#hot,#love,#erotic: asian girl deep throating http://t.co/5t1wj1svtq",No,trust,qualified renewed empowered pretty secure 
http://t.co/xtvdtvtzmq: scorching wicked ivy #bathroom sex http://t.co/auiqlgebrf #anal #ass #asshole #free #porn #video #videos #xxx,No,trust,renewed qualified kind amused empowered 
nice teen babe pussy fuck http://t.co/zl5zxh2thk  #babe #fuck,No,sadness,discouraged trapped crappy incomplete unwanted 
#porns #fuck #gadis #phonesex #bokep #fucking #nude - command slutty cam girl +&gt; http://t.co/7uymm2thfy http://t.co/owb8dmcbmj,No,trust,qualified secure kind renewed empowered 
#porns #fuck #gadis #phonesex #bokep #fucking #nude - command slutty cam girl +&gt; http://t.co/7uymm2thfy http://t.co/g7khzmiepg,No,trust,qualified secure kind renewed empowered 
http://t.co/qbk63uydoy: jasmine byrne cum whore compilation http://t.co/kyjyiatq1s #byrne #compilation #jasmine #whore,No,sadness,discouraged trapped incomplete 
http://t.co/gc7xsrxdip &lt;+ order your camgirl - #asslick #asslicking #asshole #assholes #assfucker #wildsex #bdsm http://t.co/zx9fvlwsws,No,trust,qualified renewed empowered secure kind 
http://t.co/gc7xsrxdip &lt;+ order your camgirl - #asslick #asslicking #asshole #assholes #assfucker #wildsex #bdsm http://t.co/tbcf3exhz7,No,trust,qualified renewed empowered secure kind 
http://t.co/novf97hr1n &lt;-- chat with a horny girl - #porns #fuck #gadis #phonesex #bokep #fucking #nude http://t.co/6k3wjbihip,No,trust,empowered kind qualified renewed pretty appreciated 
http://t.co/qbk63uydoy: cock crazy whores - scene 2 http://t.co/jxetdnsl4l #cock #crazy #scene #whore #whores,No,sadness,discouraged trapped incomplete unwanted pained challenged 
in a bra and black and white #ass #butt #boobs #thanksobama #hot http://t.co/ujj43ql9bd,No,trust,pretty creative empowered amused 
perfection #ass #butt #boobs #thanksobama #hot http://t.co/3y3q3b4bp0,No,trust,renewed empowered kind pretty admiration 
little in the middle #ass #butt #boobs #thanksobama #hot http://t.co/3ek3ifw3is,No,trust,renewed empowered kind pretty admiration 
upside down #ass #butt #boobs #thanksobama #hot http://t.co/gopezbx2y2,No,trust,renewed empowered kind admiration 
"#thongthursday
#thong
#ass 
#bum 
#booty
#milf
@misslyndaleigh 
@londonbum 
lots to see at http://t.co/mzd31vikd6 http://t.co/6uih3zshcn",No,sadness,discouraged trapped crappy unloved 
http://t.co/1jvcocqcbt: fiery nasty shemale... http://t.co/ynihieupp9 #ass #asshole #free #gabriela #porn #shemale #video #videos #xxx,No,sadness,discouraged crappy incomplete unwell 
[link removed] big booty #ass #nsfw http://t.co/yawqyovca5,No,sadness,discouraged crappy trapped incomplete pained 
http://t.co/jzsk3uojvx &lt;+ like camgirls? - #assworship #blackass #blackboobs #bizarre #bizzare #bikini #bitch http://t.co/slhekgbfnc,No,fear,trust afraid awe 
showing just a little#ass #butt #boobs #thanksobama #hot http://t.co/5son1mweji,No,sadness,discouraged crappy unwell trapped unwanted neglected 
http://t.co/cqh8qvl4fr &lt;+ like camgirls? - #assworship #blackass #blackboobs #bizarre #bizzare #bikini #bitch http://t.co/fyc8vb5ngc,No,fear,trust afraid awe 
"the most wonderful #ass a see in this site! shes wonderful!
http://t.co/rumpn6uiys{subaffid} http://t.co/bcexqsosjy",No,fear,trust awe fear afraid 
hot babe beauty likes munching on some esexy lingerie #lingerie #hardcore #whore http://t.co/cjgwmnegh9 http://t.co/uu8qovmw7w,No,sadness,discouraged trapped incomplete unwanted 
busty babe model loving playing with her hands inside #stockings #clit #whore http://t.co/kdg14knytn http://t.co/b9sudwojeq,No,trust,pretty qualified amused renewed appreciated kind 
http://t.co/jzsk3uojvx &lt;+ like camgirls? - #assworship #blackass #blackboobs #bizarre #bizzare #bikini #bitch http://t.co/ahemvvptzu,No,fear,trust afraid awe 
saucy teenager dressed as a sexy naked blonde victim pussy #whore #hot http://t.co/wyzubrrrgu http://t.co/nj0fsqxzkn,No,sadness,discouraged trapped conflicted unloved 
drake is ass and future is ass. so no. i will not be listening to their new album of ass. #ass,Bully,disgust,terrible horrible awful ugly shame 
"x#pussy #amateur #slut #whore #s 
 
http://t.co/yvkzwynutm http://t.co/lq9hnvxqtq",No,trust,qualified renewed empowered kind pretty 
#assworship #blackass #blackboobs #bizarre #bizzare #bikini #bitch - view a cam girl +&gt; http://t.co/epkil9hxq4 http://t.co/nrb94ydub9,No,trust,qualified secure kind empowered amused 
"http://t.co/94245wsgjr super hot sex for mature adults32:3283%2,770,708   #xxx #porno #sexy #ass #vagina",No,trust,renewed pretty kind empowered creative 
"she says ""private me for cum , #squirt , #anal or #fingering""
http://t.co/lnu2uyxb2t

#tightpussy #ass http://t.co/e46kacfrn0",No,trust,empowered pretty appreciated kind qualified 
showing just a little #ass #butt #boobs #thanksobama #hot http://t.co/jvesun7dpj,No,trust,empowered kind acceptance appreciated energized stuck 
"#thongthursday
#thong
#ass 
#bum 
#booty 
@missmikaelawitt 
@londonbum 
naughty naked only at http://t.co/mmncxoxrjs http://t.co/juvzh7guiw",No,sadness,discouraged trapped crappy incomplete 
breakfast time ? #ass #butt #boobs #thanksobama #hot http://t.co/smyouq3deb,No,joy,cozy content ecstacy glad 
cool kicks #ass #butt #boobs #thanksobama #hot http://t.co/lggdg9pdb0,No,trust,pretty kind renewed creative empowered admiration 
great gap #ass #butt #boobs #thanksobama #hot http://t.co/ynh17ee1o0,No,trust,renewed empowered kind admiration pretty 
curls #ass #butt #boobs #thanksobama #hot http://t.co/t4nnd2gjqn,No,trust,renewed empowered kind pretty admiration 
18 yr old outdoor fuck http://t.co/kt5fmwyt7j #fuck,No,sadness,grief discouraged unloved trapped unhappy 
http://t.co/9dwgkec0b6 #porn #nude #porno #pussy #facial #gape #reality #ass-to-mouth #pussy #babes #threesome #,No,trust,qualified creative kind pretty acceptance 
attitude #ass #butt #boobs #thanksobama #hot http://t.co/bge2wvm355,No,trust,renewed empowered kind pretty admiration 
terrific together #ass #butt #boobs #thanksobama #hot http://t.co/sylnaj3jvg,No,sadness,discouraged unwell trapped unwanted 
horny public fuck slut pussy http://t.co/vswyfsraud #fuck #horny,No,sadness,discouraged crappy trapped 
model petting her vagina with a toy. sweetie slhows #stockings #fuck http://t.co/bsrb2bhrrt,No,trust,pretty renewed kind acceptance qualified 
"rich lowry is a total loser and probably couldnt aspire to be half the man or sheer briliance of @realdonaldtrump
#troll
#loser",Bully,joy,fantastic privileged joy 
me every week https://t.co/yc6voaoxug,No,trust,renewed pretty empowered kind 
http://t.co/cqh8qvl4fr &lt;+ like camgirls? - #assworship #blackass #blackboobs #bizarre #bizzare #bikini #bitch http://t.co/pilh39gnje,No,fear,trust afraid awe 
"the best of u is someone who hasa good friendship with the reality,letter4u shows the fact,yeah?
https://t.co/99wpbrub0d
#14feb
#nieuw
#ass",No,trust,kind appreciated acceptance amused trust confident 
"#1
#fuck these people up [@lorigreiner]
[@cochranfirm @lambdalegal @indialaw @rocketlawyer @1800lawyers @1800lawfirm @nbcsvu @lawyerscom].02",Bully,disgust,disgust disgusted horrible awful terrible 
honey twitter photos and videos of lingerie model chick #fuck #oral http://t.co/0kqgeqtlyu http://t.co/0fxrvnbi9o,No,trust,qualified renewed creative kind empowered 
fed up of being sick #fuck,No,sadness,unappreciated miserable unhappy helpless unwell 
#empire was nothing but an episode full of fagget shit. men shouldn't b kissing on normal tv this shit goin to far #shit i dont like,Bully,disgust,horrible lame dumb hungover boredom terrible bitter 
visit http://t.co/ftg8xmetnj for more! #ass #booty #hotgirls http://t.co/b8dps7mhnp,No,trust,kind empowered qualified pretty renewed creative 
@peta look at this little guy. one day it will become my meal. bacon &amp; pulled pork! ummmmmmm!#fuck you http://t.co/424mhaclyt,No,disgust,cheated regret defeated 
join #swingers date club http://t.co/xiebpm1tkl to meet great people (and #fuck them!) http://t.co/z8hctrgb4y,No,trust,kind renewed empowered qualified acceptance creative 
#bokep #fucking #nude #porns #fuck #gadis #phonesex ... click ===&gt; http://t.co/rabjcbg998 http://t.co/tjbezzzxow,No,sadness,discouraged challenged incomplete trapped pained 
@tesco and how do you keep them all in place? #stupid,Bully,trust,stuck pretty empowered trust 
"""i don't believe in bisexuals"" says the woman across from me. it's okay honey, we don't believe in you either. #asshole",Bully,fear,fear afraid suspicious spooky worried 
alessya_wild #ass #pussy #sex #sexo #sexe #booty #tits #boobs #horny #pawg #whooty http://t.co/ghbfztwm0c,No,sadness,discouraged trapped challenged crappy unwell 
aslysexilove #ass #pussy #sex #sexo #sexe #booty #tits #boobs #horny #pawg #whooty http://t.co/ytbu3f2ndi,No,sadness,discouraged trapped challenged crappy unwell 
#porns #fuck #gadis #phonesex #bokep #fucking #nude .. bored? -&gt; http://t.co/hvkegyndzs http://t.co/l9war3i86m,No,sadness,discouraged trapped incomplete unwanted challenged 
bitchel #slut #whore #cam #sex #sexy #sexo #sexe #horny #pussy #booty #ass http://t.co/4ioot1j1hs,No,trust,qualified renewed empowered pretty 
asiansquirtxxx #slut #whore #cam #sex #sexy #sexo #sexe #horny #pussy #booty #ass http://t.co/khpids4pyh,No,trust,qualified renewed empowered pretty 
fuckablemilf #slut #whore #cam #sex #sexy #sexo #sexe #horny #pussy #booty #ass http://t.co/oxigdtvvts,No,trust,qualified renewed empowered pretty 
#porns #fuck #gadis #phonesex #bokep #fucking #nude .. bored? -&gt; http://t.co/hvkegyndzs http://t.co/c1e7tv5f6p,No,sadness,discouraged trapped incomplete unwanted challenged 
doubled4u #slut #whore #cam #sex #sexy #sexo #sexe #horny #pussy #booty #ass http://t.co/8qotxabfli,No,trust,qualified renewed empowered pretty 
alessya_wild #slut #whore #cam #sex #sexy #sexo #sexe #horny #pussy #booty #ass http://t.co/lzchviasoj,No,trust,qualified renewed empowered pretty 
#porns #fuck #gadis #phonesex #bokep #fucking #nude .. bored? -&gt; http://t.co/hvkegyndzs http://t.co/8dqyanljyg,No,sadness,discouraged trapped incomplete unwanted challenged 
aslysexilove #slut #whore #cam #sex #sexy #sexo #sexe #horny #pussy #booty #ass http://t.co/yac3seinoo,No,trust,qualified renewed empowered pretty 
beautiful girl show her hairy pussy. sexy model strokes #stockings #whore #babe http://t.co/0gjnunacjl,No,trust,pretty kind empowered qualified appreciated admiration 
sexy babe baby has a fantasy lesbian sex session whore #sex #whore http://t.co/n4eobfayyj http://t.co/zk3tj5zkaa,No,fear,trust awe concerned submission 
339 join: http://t.co/dpabrduxzl for #xxx #sex #porn #horny #naked #girls #nude #women #pussy #tits #boobs #fuck #teen #teens #adult,No,trust,renewed qualified empowered kind 
@pamjoson no one to watch with #loser #loner #singleprobs hahaha,No,disgust,terrible lame bitter awful ugly boredom shame 
"because africans occasionally engage in stampedes for fun, right?? #bullshit  https://t.co/uhatoebiqv",No,trust,pretty stuck amused kind creative 
#bokep #fucking #nude #porns #fuck #gadis #phonesex .. bored? -&gt; http://t.co/x10mlyumqi http://t.co/uvvrpfsbpv,No,sadness,discouraged trapped incomplete unwanted challenged 
#nude #fucking #bokep #phonesex #gadis #fuck #porns ... visit me -&gt; http://t.co/g2pqbzgw3b http://t.co/8wkdrwhe4e,No,sadness,discouraged trapped unwanted incomplete neglected 
#nude #fucking #bokep #phonesex #gadis #fuck #porns ... visit me -&gt; http://t.co/g2pqbzgw3b http://t.co/4x3aweuqau,No,sadness,discouraged trapped unwanted incomplete neglected 
word on your mom fuck who don't like me #410kid #heartless #bitch,Bully,sadness,ignored betrayed unhappy embarrassed trapped 
"don't allow the offensive image-buildings to create an emotional gulf between u and the reality.
http://t.co/tl13are5ap #ass #km #voa #ago",No,fear,concerned fear trust 
@cochimil @jdcoffman1220#now#that's#fucken#sexxxy#as#fuck,No,sadness,discouraged ashamed betrayed ignored 
babe girl shows off her panties and shaves her pussy #sexcam #cunt #fuck http://t.co/5f4l0pgfwj http://t.co/1p8cejer0d,No,fear,awe trust concerned afraid 
#bokep #fucking #nude #porns #fuck #gadis #phonesex .. bored? -&gt; http://t.co/2mawhpy5ia http://t.co/bsqwlzjo30,No,sadness,discouraged trapped incomplete unwanted challenged 
#bokep #fucking #nude #porns #fuck #gadis #phonesex .. bored? -&gt; http://t.co/2mawhpy5ia http://t.co/dttmo6bs85,No,sadness,discouraged trapped incomplete unwanted challenged 
"couples mug set http://t.co/xuxiph7jhx
#couple #lovers #funniest #bitch http://t.co/yzj3pfthh0",No,joy,ecstacy cozy content jolly 
#bokep #fucking #nude #porns #fuck #gadis #phonesex .. bored? -&gt; http://t.co/2mawhpy5ia http://t.co/n0bbjyzokw,No,sadness,discouraged trapped incomplete unwanted challenged 
#bokep #fucking #nude #porns #fuck #gadis #phonesex .. bored? -&gt; http://t.co/2mawhpy5ia http://t.co/msjysj2thh,No,sadness,discouraged trapped incomplete unwanted challenged 
#bokep #fucking #nude #porns #fuck #gadis #phonesex .. bored? -&gt; http://t.co/2mawhpy5ia http://t.co/77fjc4e16f,No,sadness,discouraged trapped incomplete unwanted challenged 
#bokep #fucking #nude #porns #fuck #gadis #phonesex .. bored? -&gt; http://t.co/2mawhpy5ia http://t.co/oeldjzissi,No,sadness,discouraged trapped incomplete unwanted challenged 
#bokep #fucking #nude #porns #fuck #gadis #phonesex .. bored? -&gt; http://t.co/2mawhpy5ia http://t.co/rlmyhazxni,No,sadness,discouraged trapped incomplete unwanted challenged 
#bokep #fucking #nude #porns #fuck #gadis #phonesex .. bored? -&gt; http://t.co/2mawhpy5ia http://t.co/usev3ghgtc,No,sadness,discouraged trapped incomplete unwanted challenged 
#phonesex #gadis #fuck #porns #nude #fucking #bokep - bored? -&gt; http://t.co/nu4gdgzxcx http://t.co/hqhm0tb6yj,No,trust,qualified renewed kind empowered 
"#cybersex,#fuck,#porn,#sex,#hot,#love,#erotic: juicy japanese seductress ririsu ayaka gives blowjob and titjob http://t.co/2sbfim7fgi",No,trust,qualified renewed empowered kind 
#phonesex #gadis #fuck #porns #nude #fucking #bokep - bored? -&gt; http://t.co/nu4gdgzxcx http://t.co/g6opq47lub,No,trust,qualified renewed kind empowered 
#phonesex #gadis #fuck #porns #nude #fucking #bokep - bored? -&gt; http://t.co/nu4gdgzxcx http://t.co/zrejyeat6t,No,trust,qualified renewed kind empowered 
#phonesex #gadis #fuck #porns #nude #fucking #bokep - bored? -&gt; http://t.co/nu4gdgzxcx http://t.co/n4drxndek6,No,trust,qualified renewed kind empowered 
