ID,Year,Make,Model,Model Sentiment,Make Sentiment,Model Positive Sentiments,Model Negative Sentiments
1,2009,volvo,c70,6.9,3.8,11,5
2,2009,volkswagen,tiguan,6.2,3.6,55,33
3,2009,volkswagen,routan,5.3,3.6,25,22
4,2009,volkswagen,rabbit,6.0,3.6,18,12
5,2009,volkswagen,passat,6.1,3.6,11,7
6,2009,volkswagen,jetta,5.7,3.6,98,75
7,2009,volkswagen,gti,4.7,3.6,9,10
8,2009,volkswagen,eos,4.6,3.6,12,14
9,2009,volkswagen,cc,5.6,3.6,53,42
10,2009,toyota,yaris,5.3,3.6,32,28
11,2009,toyota,venza,5.8,3.6,73,52
12,2009,toyota,tacoma,5.5,3.6,41,34
13,2009,toyota,sienna,5.7,3.6,17,13
14,2009,toyota,rav4,5.8,3.6,50,36
15,2009,toyota,prius,5.0,3.6,22,22
16,2009,toyota,matrix,5.1,3.6,40,39
17,2009,toyota,highlander,7.4,3.6,31,11
18,2009,toyota,corolla,5.1,3.6,116,110
19,2009,toyota,camry_hybrid,6.5,3.6,79,43
20,2009,toyota,camry,5.3,3.6,74,66
21,2009,toyota,avalon,3.3,3.6,6,12
22,2009,suzuki,sx4,4.1,3.5,7,10
23,2009,suzuki,grand_vitara,5.8,3.5,7,5
24,2009,subaru,tribeca,5.8,3.7,7,5
25,2009,subaru,outback,5.9,3.7,26,18
26,2009,subaru,legacy,6.4,3.7,28,16
27,2009,subaru,impreza,6.4,3.7,37,21
28,2009,subaru,forester,5.2,3.7,93,87
29,2009,smart,fortwo,4.8,3.4,15,16
30,2009,scion,xd,6.1,3.9,27,17
31,2009,scion,xb,6.4,3.9,58,32
32,2009,scion,tc,5.3,3.9,16,14
33,2009,saturn,vue_hybrid,6.7,3.5,8,4
34,2009,saturn,vue,5.9,3.5,13,9
35,2009,saturn,aura,5.6,3.5,9,7
36,2009,pontiac,vibe,5.5,3.5,62,50
37,2009,pontiac,g8,5.2,3.5,69,63
38,2009,pontiac,g6,5.9,3.5,13,9
39,2009,pontiac,g5,4.0,3.5,6,9
40,2009,pontiac,g3,3.8,3.5,5,8
41,2009,nissan,xterra,6.2,3.6,8,5
42,2009,nissan,versa,5.4,3.6,40,34
43,2009,nissan,sentra,7.5,3.6,9,3
44,2009,nissan,rogue,4.9,3.6,27,28
45,2009,nissan,murano,5.9,3.6,91,63
46,2009,nissan,maxima,5.0,3.6,54,54
47,2009,nissan,gt-r,4.7,3.6,7,8
48,2009,nissan,frontier,7.3,3.6,19,7
49,2009,nissan,cube,4.9,3.6,28,29
50,2009,nissan,altima_hybrid,6.0,3.6,12,8
51,2009,nissan,altima,7.1,3.6,60,25
52,2009,nissan,370z,6.2,3.6,24,15
53,2009,mitsubishi,outlander,6.2,3.7,13,8
54,2009,mitsubishi,lancer,5.4,3.7,38,33
55,2009,mitsubishi,galant,5.2,3.7,11,10
56,2009,mini,cooper_clubman,7.3,3.4,16,6
57,2009,mini,cooper,4.9,3.4,17,18
58,2009,mercedes-benz,m-class,4.7,3.6,16,18
59,2009,mercedes-benz,e-class,5.6,3.6,20,16
60,2009,mercedes-benz,c-class,5.0,3.6,46,46
61,2009,mazda,rx-8,5.5,3.7,6,5
62,2009,mazda,mx-5_miata,5.7,3.7,8,6
63,2009,mazda,mazdaspeed_mazda3,6.0,3.7,9,6
64,2009,mazda,mazda6,5.5,3.7,83,67
65,2009,mazda,mazda5,6.2,3.7,29,18
66,2009,mazda,mazda3,6.1,3.7,33,21
67,2009,mazda,cx-9,5.9,3.7,22,15
68,2009,mazda,cx-7,6.2,3.7,10,6
69,2009,lexus,rx_350,5.6,3.5,15,12
70,2009,lexus,is_250,7.3,3.5,8,3
71,2009,lexus,es_350,6.7,3.5,10,5
72,2009,kia,sportage,5.7,3.7,12,9
73,2009,kia,spectra,6.7,3.7,14,7
74,2009,kia,optima,5.8,3.7,11,8
75,2009,kia,borrego,7.0,3.7,16,7
76,2009,jeep,wrangler,5.3,3.6,24,21
77,2009,jeep,patriot,6.4,3.6,28,16
78,2009,jeep,liberty,5.7,3.6,8,6
79,2009,jeep,grand_cherokee,5.5,3.6,11,9
80,2009,jeep,compass,7.1,3.6,10,4
81,2009,infiniti,m35,6.4,3.6,7,4
82,2009,infiniti,g37,6.5,3.6,44,24
83,2009,infiniti,fx35,5.7,3.6,31,23
84,2009,hyundai,sonata,5.7,3.6,149,113
85,2009,hyundai,santa_fe,8.8,3.6,28,4
86,2009,hyundai,genesis,5.1,3.6,93,88
87,2009,hyundai,elantra_touring,6.7,3.6,33,16
88,2009,hyundai,elantra,5.7,3.6,26,20
89,2009,hyundai,azera,5.2,3.6,13,12
90,2009,hyundai,accent,6.2,3.6,15,9
91,2009,honda,ridgeline,5.0,3.5,9,9
92,2009,honda,pilot,6.5,3.5,101,55
93,2009,honda,odyssey,5.8,3.5,35,25
94,2009,honda,fit,6.5,3.5,127,67
95,2009,honda,cr-v,6.5,3.5,74,40
96,2009,honda,civic,4.8,3.5,82,89
97,2009,honda,accord,3.8,3.5,84,140
98,2009,gmc,sierra_1500,5.7,3.6,13,10
99,2009,gmc,acadia,4.2,3.6,16,22
100,2009,ford,ranger,4.8,3.7,10,11
101,2009,ford,mustang,5.7,3.7,12,9
102,2009,ford,fusion,7.1,3.7,52,21
103,2009,ford,focus,5.2,3.7,35,32
104,2009,ford,flex,5.5,3.7,66,53
105,2009,ford,f-150,5.8,3.7,30,22
106,2009,ford,escape_hybrid,7.2,3.7,18,7
107,2009,ford,escape,6.2,3.7,55,33
108,2009,ford,edge,7.2,3.7,13,5
109,2009,dodge,ram_pickup_1500,5.4,3.4,45,38
110,2009,dodge,journey,5.4,3.4,81,69
111,2009,dodge,grand_caravan,5.2,3.4,16,15
112,2009,dodge,charger,6.9,3.4,11,5
113,2009,dodge,challenger,4.2,3.4,31,43
114,2009,dodge,caliber,9.2,3.4,23,2
115,2009,dodge,avenger,7.1,3.4,12,5
116,2009,chrysler,town_and_country,6.0,3.3,21,14
117,2009,chrysler,sebring,1.4,3.3,2,12
118,2009,chrysler,aspen,6.4,3.3,9,5
119,2009,chevrolet,traverse,6.0,3.6,55,37
120,2009,chevrolet,tahoe,3.3,3.6,4,8
121,2009,chevrolet,silverado_1500,8.1,3.6,17,4
122,2009,chevrolet,malibu,5.5,3.6,67,54
123,2009,chevrolet,impala,6.0,3.6,18,12
124,2009,chevrolet,hhr,7.0,3.6,23,10
125,2009,chevrolet,corvette,6.7,3.6,10,5
126,2009,chevrolet,cobalt,5.5,3.6,24,20
127,2009,chevrolet,aveo,4.5,3.6,9,11
128,2009,cadillac,cts-v,4.1,3.4,7,10
129,2009,cadillac,cts,5.2,3.4,29,27
130,2009,buick,enclave,5.2,3.5,27,25
131,2009,bmw,x6,5.4,3.4,7,6
132,2009,bmw,x5,6.5,3.4,22,12
133,2009,bmw,5_series,7.1,3.4,15,6
134,2009,bmw,3_series,4.9,3.4,34,36
135,2009,bmw,1_series,4.7,3.4,9,10
136,2009,audi,q5,5.7,3.6,27,20
137,2009,audi,a5,6.2,3.6,15,9
138,2009,audi,a4,6.5,3.6,60,32
139,2009,acura,tsx,5.3,3.6,83,74
140,2009,acura,tl,6.5,3.6,70,37
141,2009,acura,rl,5.0,3.6,7,7
142,2009,acura,rdx,3.8,3.6,12,20
143,2009,acura,mdx,4.7,3.6,18,20
144,2008,volvo,xc90,4.7,3.8,16,18
145,2008,volvo,xc70,5.0,3.8,12,12
146,2008,volvo,v70,7.3,3.8,8,3
147,2008,volvo,s80,5.0,3.8,11,11
148,2008,volvo,s40,7.4,3.8,14,5
149,2008,volvo,c70,6.8,3.8,17,8
150,2008,volvo,c30,5.4,3.8,25,21
151,2008,volkswagen,touareg_2,5.2,3.6,11,10
152,2008,volkswagen,rabbit,5.1,3.6,39,38
153,2008,volkswagen,r32,5.0,3.6,20,20
154,2008,volkswagen,passat,6.0,3.6,53,35
155,2008,volkswagen,new_beetle,6.8,3.6,13,6
156,2008,volkswagen,jetta,6.4,3.6,85,48
157,2008,volkswagen,gti,5.7,3.6,29,22
158,2008,volkswagen,gli,4.5,3.6,10,12
159,2008,volkswagen,eos,5.5,3.6,27,22
160,2008,toyota,yaris,6.2,3.6,104,63
161,2008,toyota,tundra,5.4,3.6,68,59
162,2008,toyota,tacoma,5.9,3.6,49,34
163,2008,toyota,sienna,5.4,3.6,31,26
164,2008,toyota,sequoia,6.2,3.6,63,38
165,2008,toyota,rav4,6.8,3.6,75,35
166,2008,toyota,prius,5.4,3.6,98,83
167,2008,toyota,matrix,6.2,3.6,16,10
168,2008,toyota,land_cruiser,6.4,3.6,7,4
169,2008,toyota,highlander_hybrid,6.1,3.6,36,23
170,2008,toyota,highlander,6.2,3.6,116,72
171,2008,toyota,fj_cruiser,5.6,3.6,29,23
172,2008,toyota,corolla,6.0,3.6,37,25
173,2008,toyota,camry_solara,6.4,3.6,23,13
174,2008,toyota,camry_hybrid,6.4,3.6,42,24
175,2008,toyota,camry,4.7,3.6,46,51
176,2008,toyota,avalon,4.9,3.6,36,38
177,2008,toyota,4runner,5.2,3.6,25,23
178,2008,suzuki,xl7,6.8,3.5,27,13
179,2008,suzuki,sx4,6.0,3.5,47,31
180,2008,suzuki,grand_vitara,6.5,3.5,11,6
181,2008,suzuki,forenza,3.3,3.5,6,12
182,2008,subaru,tribeca,5.7,3.7,32,24
183,2008,subaru,outback,5.9,3.7,55,39
184,2008,subaru,legacy,6.6,3.7,59,31
185,2008,subaru,impreza,5.5,3.7,78,65
186,2008,subaru,forester,7.2,3.7,21,8
187,2008,smart,fortwo,5.3,3.4,80,72
188,2008,scion,xd,6.6,3.9,99,50
189,2008,scion,xb,6.8,3.9,126,59
190,2008,scion,tc,5.9,3.9,39,27
191,2008,saturn,vue_hybrid,5.9,3.5,10,7
192,2008,saturn,vue,4.9,3.5,76,79
193,2008,saturn,sky,6.4,3.5,18,10
194,2008,saturn,outlook,5.4,3.5,45,38
195,2008,saturn,aura,5.9,3.5,58,41
196,2008,saturn,astra,6.1,3.5,68,43
197,2008,pontiac,vibe,7.0,3.5,16,7
198,2008,pontiac,torrent,6.0,3.5,18,12
199,2008,pontiac,solstice,4.8,3.5,15,16
200,2008,pontiac,grand_prix,6.1,3.5,23,15
201,2008,pontiac,g8,5.0,3.5,52,52
202,2008,pontiac,g6,7.5,3.5,60,20
203,2008,pontiac,g5,3.0,3.5,7,16
204,2008,nissan,xterra,6.0,3.6,26,17
205,2008,nissan,versa,5.8,3.6,69,51
206,2008,nissan,titan,6.4,3.6,44,25
207,2008,nissan,sentra,5.2,3.6,73,68
208,2008,nissan,rogue,6.8,3.6,143,67
209,2008,nissan,quest,6.2,3.6,16,10
210,2008,nissan,pathfinder,4.8,3.6,32,35
211,2008,nissan,maxima,4.9,3.6,23,24
212,2008,nissan,frontier,5.7,3.6,37,28
213,2008,nissan,armada,5.5,3.6,22,18
214,2008,nissan,altima_hybrid,5.0,3.6,28,28
215,2008,nissan,altima,5.8,3.6,127,93
216,2008,nissan,350z,4.6,3.6,11,13
217,2008,mitsubishi,raider,6.4,3.7,7,4
218,2008,mitsubishi,outlander,6.1,3.7,34,22
219,2008,mitsubishi,lancer_evolution,4.6,3.7,13,15
220,2008,mitsubishi,lancer,5.7,3.7,50,37
221,2008,mitsubishi,eclipse,6.5,3.7,15,8
222,2008,mini,cooper_clubman,5.0,3.4,13,13
223,2008,mini,cooper,5.1,3.4,25,24
224,2008,mercedes-benz,s-class,5.7,3.6,16,12
225,2008,mercedes-benz,r-class,6.8,3.6,30,14
226,2008,mercedes-benz,m-class,5.4,3.6,52,44
227,2008,mercedes-benz,gl-class,6.3,3.6,54,32
228,2008,mercedes-benz,e-class,5.6,3.6,44,34
229,2008,mercedes-benz,clk-class,9.1,3.6,20,2
230,2008,mercedes-benz,c-class,5.8,3.6,136,98
231,2008,mazda,tribute,4.2,3.7,16,22
232,2008,mazda,mx-5_miata,5.6,3.7,30,24
233,2008,mazda,mazdaspeed_mazda3,5.0,3.7,20,20
234,2008,mazda,mazda6,5.6,3.7,23,18
235,2008,mazda,mazda5,6.3,3.7,50,29
236,2008,mazda,mazda3,6.3,3.7,102,61
237,2008,mazda,cx-9,6.3,3.7,82,49
238,2008,mazda,cx-7,5.1,3.7,36,34
239,2008,lexus,rx_400h,5.4,3.5,14,12
240,2008,lexus,rx_350,4.6,3.5,22,26
241,2008,lexus,ls_460,4.7,3.5,17,19
242,2008,lexus,is_f,4.4,3.5,8,10
243,2008,lexus,is_350,3.8,3.5,9,15
244,2008,lexus,is_250,4.7,3.5,34,39
245,2008,lexus,gx_470,5.3,3.5,8,7
246,2008,lexus,gs_350,5.9,3.5,17,12
247,2008,lexus,es_350,4.6,3.5,24,28
248,2008,kia,sportage,6.5,3.7,22,12
249,2008,kia,spectra,5.5,3.7,24,20
250,2008,kia,sorento,4.8,3.7,14,15
251,2008,kia,sedona,6.1,3.7,19,12
252,2008,kia,rondo,6.9,3.7,22,10
253,2008,kia,rio,4.7,3.7,15,17
254,2008,kia,optima,5.4,3.7,25,21
255,2008,jeep,wrangler,5.2,3.6,66,61
256,2008,jeep,patriot,5.7,3.6,90,67
257,2008,jeep,liberty,6.0,3.6,59,39
258,2008,jeep,grand_cherokee,5.6,3.6,40,32
259,2008,jeep,compass,4.7,3.6,17,19
260,2008,jeep,commander,5.5,3.6,21,17
261,2008,infiniti,qx56,5.9,3.6,19,13
262,2008,infiniti,m45,6.4,3.6,7,4
263,2008,infiniti,m35,4.6,3.6,16,19
264,2008,infiniti,g37,5.4,3.6,38,33
265,2008,infiniti,g35,5.8,3.6,76,55
266,2008,infiniti,fx35,5.2,3.6,17,16
267,2008,infiniti,ex35,5.2,3.6,38,35
268,2008,hyundai,veracruz,7.1,3.6,55,22
269,2008,hyundai,tucson,5.7,3.6,12,9
270,2008,hyundai,tiburon,5.0,3.6,22,22
271,2008,hyundai,sonata,5.6,3.6,56,44
272,2008,hyundai,santa_fe,5.5,3.6,71,57
273,2008,hyundai,entourage,4.1,3.6,7,10
274,2008,hyundai,elantra,7.0,3.6,109,47
275,2008,hyundai,azera,5.4,3.6,15,13
276,2008,hyundai,accent,6.4,3.6,44,25
277,2008,honda,s2000,5.0,3.5,6,6
278,2008,honda,ridgeline,5.9,3.5,50,35
279,2008,honda,pilot,5.7,3.5,39,29
280,2008,honda,odyssey,4.8,3.5,57,62
281,2008,honda,fit,5.7,3.5,93,69
282,2008,honda,element,6.6,3.5,41,21
283,2008,honda,cr-v,6.4,3.5,147,81
284,2008,honda,civic,5.4,3.5,235,202
285,2008,gmc,yukon_hybrid,5.7,3.6,8,6
286,2008,gmc,yukon,5.9,3.6,13,9
287,2008,gmc,sierra_2500hd,5.0,3.6,10,10
288,2008,gmc,sierra_1500,6.3,3.6,46,27
289,2008,gmc,envoy,6.0,3.6,9,6
290,2008,gmc,acadia,5.8,3.6,97,70
291,2008,ford,taurus_x,6.9,3.7,42,19
292,2008,ford,taurus,4.8,3.7,36,39
293,2008,ford,shelby_gt500,3.2,3.7,9,19
294,2008,ford,ranger,5.4,3.7,20,17
295,2008,ford,mustang,4.9,3.7,39,40
296,2008,ford,fusion,6.3,3.7,65,38
297,2008,ford,focus,6.0,3.7,115,77
298,2008,ford,f-450_super_duty,5.0,3.7,14,14
299,2008,ford,f-350_super_duty,3.9,3.7,16,25
300,2008,ford,f-250_super_duty,6.4,3.7,36,20
301,2008,ford,f-150,6.3,3.7,32,19
302,2008,ford,explorer_sport_trac,6.0,3.7,12,8
303,2008,ford,explorer,3.3,3.7,7,14
304,2008,ford,expedition,5.6,3.7,22,17
305,2008,ford,escape_hybrid,5.6,3.7,46,36
306,2008,ford,escape,5.5,3.7,77,64
307,2008,ford,edge,6.8,3.7,61,29
308,2008,dodge,ram_pickup_3500,3.3,3.4,9,18
309,2008,dodge,ram_pickup_2500,4.1,3.4,14,20
310,2008,dodge,ram_pickup_1500,6.3,3.4,36,21
311,2008,dodge,nitro,5.2,3.4,23,21
312,2008,dodge,magnum,4.2,3.4,5,7
313,2008,dodge,grand_caravan,3.9,3.4,32,51
314,2008,dodge,dakota,8.6,3.4,12,2
315,2008,dodge,charger,5.7,3.4,35,26
316,2008,dodge,challenger,1.8,3.4,3,14
317,2008,dodge,caliber,4.4,3.4,34,44
318,2008,dodge,avenger,4.8,3.4,55,60
319,2008,chrysler,town_and_country,3.8,3.3,51,82
320,2008,chrysler,sebring,5.8,3.3,37,27
321,2008,chrysler,pt_cruiser,5.0,3.3,12,12
322,2008,chrysler,pacifica,4.0,3.3,8,12
323,2008,chrysler,crossfire,4.2,3.3,5,7
324,2008,chrysler,aspen,5.6,3.3,24,19
325,2008,chrysler,300,4.5,3.3,14,17
326,2008,chevrolet,uplander,3.8,3.6,5,8
327,2008,chevrolet,trailblazer,4.6,3.6,21,25
328,2008,chevrolet,tahoe_hybrid,2.9,3.6,4,10
329,2008,chevrolet,tahoe,6.8,3.6,25,12
330,2008,chevrolet,suburban,7.6,3.6,19,6
331,2008,chevrolet,silverado_2500hd,4.5,3.6,10,12
332,2008,chevrolet,silverado_1500,6.1,3.6,54,35
333,2008,chevrolet,malibu,5.3,3.6,101,90
334,2008,chevrolet,impala,4.5,3.6,53,64
335,2008,chevrolet,hhr,7.2,3.6,76,29
336,2008,chevrolet,equinox,6.0,3.6,45,30
337,2008,chevrolet,corvette,5.7,3.6,43,32
338,2008,chevrolet,colorado,5.7,3.6,21,16
339,2008,chevrolet,cobalt,5.6,3.6,47,37
340,2008,chevrolet,aveo,5.2,3.6,31,29
341,2008,chevrolet,avalanche,6.1,3.6,20,13
342,2008,cadillac,sts,3.8,3.4,9,15
343,2008,cadillac,srx,4.5,3.4,10,12
344,2008,cadillac,escalade,3.8,3.4,9,15
345,2008,cadillac,dts,4.3,3.4,6,8
346,2008,cadillac,cts,5.8,3.4,73,52
347,2008,buick,lucerne,5.2,3.5,22,20
348,2008,buick,lacrosse,5.3,3.5,17,15
349,2008,buick,enclave,5.8,3.5,121,86
350,2008,bmw,x6,3.1,3.4,4,9
351,2008,bmw,x5,4.8,3.4,23,25
352,2008,bmw,x3,7.1,3.4,17,7
353,2008,bmw,m3,7.1,3.4,12,5
354,2008,bmw,7_series,6.4,3.4,9,5
355,2008,bmw,5_series,4.4,3.4,56,71
356,2008,bmw,3_series,4.9,3.4,68,72
357,2008,bmw,1_series,5.9,3.4,34,24
358,2008,audi,tt,5.6,3.6,18,14
359,2008,audi,s5,6.9,3.6,9,4
360,2008,audi,rs4,4.2,3.6,5,7
361,2008,audi,q7,6.1,3.6,11,7
362,2008,audi,a6,5.8,3.6,15,11
363,2008,audi,a5,6.7,3.6,16,8
364,2008,audi,a4,6.8,3.6,25,12
365,2008,audi,a3,6.1,3.6,17,11
366,2008,acura,tsx,5.7,3.6,30,23
367,2008,acura,tl,6.6,3.6,75,38
368,2008,acura,rl,3.9,3.6,7,11
369,2008,acura,rdx,6.5,3.6,43,23
370,2008,acura,mdx,5.3,3.6,57,50
371,2007,volvo,xc90,7.3,3.8,44,16
372,2007,volvo,xc70,4.3,3.8,6,8
373,2007,volvo,v70,3.6,3.8,4,7
374,2007,volvo,v50,6.3,3.8,12,7
375,2007,volvo,s80,6.7,3.8,12,6
376,2007,volvo,s60,7.6,3.8,22,7
377,2007,volvo,s40,7.2,3.8,18,7
378,2007,volvo,c70,5.5,3.8,16,13
379,2007,volkswagen,touareg,6.6,3.6,19,10
380,2007,volkswagen,rabbit,5.5,3.6,74,61
381,2007,volkswagen,passat,5.1,3.6,78,75
382,2007,volkswagen,new_beetle,7.4,3.6,23,8
383,2007,volkswagen,jetta,5.2,3.6,60,55
384,2007,volkswagen,gti,4.7,3.6,52,59
385,2007,volkswagen,eos,6.5,3.6,69,37
386,2007,toyota,yaris,6.2,3.6,225,137
387,2007,toyota,tundra,5.8,3.6,137,98
388,2007,toyota,tacoma,5.8,3.6,65,48
389,2007,toyota,sienna,4.9,3.6,25,26
390,2007,toyota,sequoia,5.2,3.6,11,10
391,2007,toyota,rav4,5.8,3.6,122,90
392,2007,toyota,prius,5.4,3.6,91,78
393,2007,toyota,matrix,5.8,3.6,31,22
394,2007,toyota,highlander_hybrid,4.3,3.6,22,29
395,2007,toyota,highlander,7.4,3.6,20,7
396,2007,toyota,fj_cruiser,5.7,3.6,156,119
397,2007,toyota,corolla,6.2,3.6,65,39
398,2007,toyota,camry_solara,6.0,3.6,28,19
399,2007,toyota,camry_hybrid,5.1,3.6,114,109
400,2007,toyota,avalon,5.9,3.6,63,44
401,2007,toyota,4runner,5.9,3.6,46,32
402,2007,suzuki,xl7,5.4,3.5,34,29
403,2007,suzuki,sx4,5.4,3.5,44,37
404,2007,suzuki,reno,4.4,3.5,7,9
405,2007,suzuki,grand_vitara,6.4,3.5,27,15
406,2007,suzuki,forenza,3.8,3.5,14,23
407,2007,subaru,outback,6.2,3.7,37,23
408,2007,subaru,legacy,5.1,3.7,25,24
409,2007,subaru,impreza,6.2,3.7,40,24
410,2007,subaru,forester,6.1,3.7,31,20
411,2007,subaru,b9_tribeca,5.6,3.7,23,18
412,2007,scion,tc,5.7,3.9,77,59
413,2007,saturn,vue,5.7,3.5,68,51
414,2007,saturn,sky,5.1,3.5,55,52
415,2007,saturn,outlook,5.0,3.5,61,62
416,2007,saturn,ion,4.2,3.5,25,35
417,2007,saturn,aura,5.0,3.5,108,108
418,2007,pontiac,vibe,6.5,3.5,30,16
419,2007,pontiac,torrent,4.3,3.5,20,26
420,2007,pontiac,solstice,5.8,3.5,42,30
421,2007,pontiac,grand_prix,5.2,3.5,26,24
422,2007,pontiac,g6,5.1,3.5,94,90
423,2007,pontiac,g5,5.7,3.5,37,28
424,2007,nissan,xterra,6.0,3.6,30,20
425,2007,nissan,versa,5.1,3.6,112,108
426,2007,nissan,titan,5.6,3.6,37,29
427,2007,nissan,sentra,5.4,3.6,78,67
428,2007,nissan,quest,3.0,3.6,16,38
429,2007,nissan,pathfinder,6.2,3.6,18,11
430,2007,nissan,murano,5.9,3.6,52,36
431,2007,nissan,maxima,4.7,3.6,54,60
432,2007,nissan,frontier,4.9,3.6,59,61
433,2007,nissan,armada,6.2,3.6,15,9
434,2007,nissan,altima_hybrid,6.4,3.6,34,19
435,2007,nissan,altima,6.0,3.6,132,88
436,2007,nissan,350z,6.2,3.6,21,13
437,2007,mitsubishi,raider,5.4,3.7,7,6
438,2007,mitsubishi,outlander,6.2,3.7,90,55
439,2007,mitsubishi,galant,5.9,3.7,13,9
440,2007,mitsubishi,endeavor,5.5,3.7,12,10
441,2007,mitsubishi,eclipse_spyder,5.7,3.7,37,28
442,2007,mitsubishi,eclipse,5.7,3.7,29,22
443,2007,mini,cooper,4.4,3.4,28,36
444,2007,mercedes-benz,slk-class,5.5,3.6,24,20
445,2007,mercedes-benz,sl-class,5.8,3.6,28,20
446,2007,mercedes-benz,s-class,5.7,3.6,63,47
447,2007,mercedes-benz,r-class,5.1,3.6,38,36
448,2007,mercedes-benz,m-class,5.2,3.6,48,44
449,2007,mercedes-benz,gl-class,6.4,3.6,82,46
450,2007,mercedes-benz,e-class,5.9,3.6,76,52
451,2007,mercedes-benz,cls-class,5.0,3.6,22,22
452,2007,mercedes-benz,clk-class,4.7,3.6,28,32
453,2007,mercedes-benz,c-class,5.3,3.6,60,54
454,2007,mazda,rx-8,4.1,3.7,7,10
455,2007,mazda,mx-5_miata,6.3,3.7,34,20
456,2007,mazda,mazdaspeed_mazda6,5.4,3.7,19,16
457,2007,mazda,mazdaspeed_mazda3,6.0,3.7,31,21
458,2007,mazda,mazda6,6.1,3.7,41,26
459,2007,mazda,mazda5,6.3,3.7,41,24
460,2007,mazda,mazda3,5.8,3.7,132,95
461,2007,mazda,cx-9,7.2,3.7,70,27
462,2007,mazda,cx-7,5.4,3.7,133,112
463,2007,lexus,rx_400h,3.8,3.5,9,15
464,2007,lexus,rx_350,6.0,3.5,47,31
465,2007,lexus,ls_460,4.4,3.5,28,35
466,2007,lexus,is_350,5.9,3.5,22,15
467,2007,lexus,is_250,5.2,3.5,44,40
468,2007,lexus,gx_470,6.2,3.5,15,9
469,2007,lexus,gs_450h,6.0,3.5,12,8
470,2007,lexus,gs_350,5.1,3.5,37,35
471,2007,lexus,es_350,6.0,3.5,96,63
472,2007,kia,sportage,5.6,3.7,15,12
473,2007,kia,spectra,7.0,3.7,33,14
474,2007,kia,sorento,7.0,3.7,35,15
475,2007,kia,sedona,5.0,3.7,22,22
476,2007,kia,rondo,6.5,3.7,58,31
477,2007,kia,rio,5.2,3.7,15,14
478,2007,kia,optima,5.1,3.7,31,30
479,2007,kia,amanti,4.5,3.7,9,11
480,2007,jeep,wrangler,5.4,3.6,83,72
481,2007,jeep,patriot,6.7,3.6,44,22
482,2007,jeep,liberty,5.8,3.6,31,22
483,2007,jeep,grand_cherokee,4.4,3.6,40,51
484,2007,jeep,compass,5.7,3.6,59,45
485,2007,jeep,commander,6.2,3.6,34,21
486,2007,infiniti,m45,5.3,3.6,16,14
487,2007,infiniti,m35,5.8,3.6,43,31
488,2007,infiniti,g35,5.7,3.6,108,81
489,2007,infiniti,fx35,6.4,3.6,18,10
490,2007,hyundai,veracruz,5.7,3.6,63,48
491,2007,hyundai,tucson,6.6,3.6,42,22
492,2007,hyundai,tiburon,4.7,3.6,20,23
493,2007,hyundai,sonata,4.8,3.6,126,138
494,2007,hyundai,santa_fe,5.5,3.6,162,133
495,2007,hyundai,entourage,4.6,3.6,66,77
496,2007,hyundai,elantra,5.7,3.6,69,52
497,2007,hyundai,azera,5.0,3.6,61,61
498,2007,hyundai,accent,5.5,3.6,44,36
499,2007,honda,s2000,4.8,3.5,14,15
500,2007,honda,ridgeline,5.0,3.5,54,53
501,2007,honda,pilot,4.9,3.5,66,70
502,2007,honda,odyssey,4.0,3.5,86,127
503,2007,honda,fit,5.9,3.5,212,146
504,2007,honda,element,6.5,3.5,44,24
505,2007,honda,cr-v,5.7,3.5,171,128
506,2007,honda,civic,5.3,3.5,229,203
507,2007,honda,accord,5.3,3.5,146,132
508,2007,gmc,yukon_xl,5.5,3.6,28,23
509,2007,gmc,yukon,6.1,3.6,46,30
510,2007,gmc,sierra_2500hd,6.7,3.6,10,5
511,2007,gmc,sierra_1500_classic,6.7,3.6,8,4
512,2007,gmc,sierra_1500,5.4,3.6,44,37
513,2007,gmc,envoy,5.3,3.6,16,14
514,2007,gmc,canyon,7.3,3.6,8,3
515,2007,gmc,acadia,5.7,3.6,105,78
516,2007,ford,taurus,6.4,3.7,16,9
517,2007,ford,shelby_gt500,5.4,3.7,13,11
518,2007,ford,ranger,5.1,3.7,21,20
519,2007,ford,mustang,6.0,3.7,84,56
520,2007,ford,fusion,5.6,3.7,80,64
521,2007,ford,freestyle,6.9,3.7,48,22
522,2007,ford,focus,5.6,3.7,74,57
523,2007,ford,five_hundred,6.2,3.7,38,23
524,2007,ford,f-150,4.6,3.7,38,44
525,2007,ford,explorer_sport_trac,4.9,3.7,35,37
526,2007,ford,explorer,6.3,3.7,22,13
527,2007,ford,expedition_el,5.5,3.7,17,14
528,2007,ford,expedition,6.9,3.7,29,13
529,2007,ford,escape_hybrid,6.3,3.7,29,17
530,2007,ford,escape,6.9,3.7,29,13
531,2007,ford,edge,6.3,3.7,101,60
532,2007,dodge,ram_pickup_3500,3.6,3.4,5,9
533,2007,dodge,ram_pickup_2500,4.4,3.4,15,19
534,2007,dodge,ram_pickup_1500,6.5,3.4,45,24
535,2007,dodge,nitro,4.5,3.4,65,78
536,2007,dodge,magnum,5.5,3.4,12,10
537,2007,dodge,grand_caravan,5.0,3.4,15,15
538,2007,dodge,durango,5.0,3.4,14,14
539,2007,dodge,charger,5.8,3.4,42,31
540,2007,dodge,caravan,2.9,3.4,6,15
541,2007,dodge,caliber,5.0,3.4,154,156
542,2007,chrysler,town_and_country,3.8,3.3,15,24
543,2007,chrysler,sebring,4.9,3.3,27,28
544,2007,chrysler,pt_cruiser,5.0,3.3,22,22
545,2007,chrysler,pacifica,6.0,3.3,59,39
546,2007,chrysler,crossfire,5.0,3.3,7,7
547,2007,chrysler,aspen,6.9,3.3,34,15
548,2007,chrysler,300,4.5,3.3,28,34
549,2007,chevrolet,uplander,3.4,3.6,11,21
550,2007,chevrolet,trailblazer,4.6,3.6,29,34
551,2007,chevrolet,tahoe,5.5,3.6,112,90
552,2007,chevrolet,suburban,4.0,3.6,28,42
553,2007,chevrolet,silverado_2500hd_classic,5.5,3.6,6,5
554,2007,chevrolet,silverado_2500hd,5.3,3.6,10,9
555,2007,chevrolet,silverado_1500_classic,5.6,3.6,30,24
556,2007,chevrolet,silverado_1500,6.3,3.6,89,52
557,2007,chevrolet,monte_carlo,5.8,3.6,14,10
558,2007,chevrolet,malibu_maxx,6.4,3.6,9,5
559,2007,chevrolet,malibu,5.8,3.6,22,16
560,2007,chevrolet,impala,5.5,3.6,85,69
561,2007,chevrolet,hhr,6.2,3.6,74,46
562,2007,chevrolet,equinox,5.2,3.6,40,37
563,2007,chevrolet,corvette,5.6,3.6,48,37
564,2007,chevrolet,colorado,4.0,3.6,18,27
565,2007,chevrolet,cobalt,6.0,3.6,79,53
566,2007,chevrolet,aveo,6.2,3.6,48,29
567,2007,chevrolet,avalanche,6.1,3.6,58,37
568,2007,cadillac,sts,5.0,3.4,11,11
569,2007,cadillac,srx,5.0,3.4,17,17
570,2007,cadillac,escalade_ext,3.5,3.4,6,11
571,2007,cadillac,escalade_esv,7.3,3.4,16,6
572,2007,cadillac,escalade,5.1,3.4,38,37
573,2007,cadillac,dts,2.5,3.4,5,15
574,2007,cadillac,cts,5.8,3.4,22,16
575,2007,buick,rendezvous,6.9,3.5,27,12
576,2007,buick,rainier,5.0,3.5,7,7
577,2007,buick,lucerne,3.9,3.5,34,53
578,2007,buick,lacrosse,6.5,3.5,20,11
579,2007,bmw,z4,4.1,3.4,9,13
580,2007,bmw,x5,3.9,3.4,17,27
581,2007,bmw,x3,5.1,3.4,39,37
582,2007,bmw,6_series,7.1,3.4,12,5
583,2007,bmw,5_series,5.1,3.4,46,45
584,2007,bmw,3_series,5.5,3.4,146,119
585,2007,audi,s8,6.4,3.6,9,5
586,2007,audi,rs4,3.8,3.6,10,16
587,2007,audi,q7,5.3,3.6,38,34
588,2007,audi,a8,5.0,3.6,9,9
589,2007,audi,a6,4.0,3.6,8,12
590,2007,audi,a4,5.5,3.6,52,42
591,2007,audi,a3,3.0,3.6,12,28
592,2007,acura,tsx,6.1,3.6,34,22
593,2007,acura,tl,5.0,3.6,75,76
594,2007,acura,rl,3.6,3.6,8,14
595,2007,acura,rdx,5.3,3.6,87,78
596,2007,acura,mdx,6.5,3.6,111,59
